{
  "id": "",
  "name": "",
  "font_family": "iconfont",
  "css_prefix_text": "icon-",
  "description": "",
  "glyphs": [
    {
      "icon_id": "637813",
      "name": "足迹",
      "font_class": "zuji",
      "unicode": "e638",
      "unicode_decimal": 58936
    },
    {
      "icon_id": "666888",
      "name": "手机",
      "font_class": "shouji",
      "unicode": "e692",
      "unicode_decimal": 59026
    },
    {
      "icon_id": "785043",
      "name": "收藏",
      "font_class": "shoucang",
      "unicode": "e666",
      "unicode_decimal": 58982
    },
    {
      "icon_id": "1637944",
      "name": "消息",
      "font_class": "xiaoxi",
      "unicode": "e614",
      "unicode_decimal": 58900
    },
    {
      "icon_id": "11125231",
      "name": "优惠劵",
      "font_class": "9",
      "unicode": "e61d",
      "unicode_decimal": 58909
    },
    {
      "icon_id": "12975025",
      "name": "购物车",
      "font_class": "gouwuche",
      "unicode": "e639",
      "unicode_decimal": 58937
    }
  ]
}
